id,classification,race,sex
0,True,3,0
1,False,5,1
2,True,5,1
3,False,2,0
4,True,4,1
5,False,4,1
6,True,0,0
7,False,5,0
8,True,0,1
9,True,3,0
10,False,0,0
11,False,2,0
12,True,5,1
13,True,0,0
14,False,5,1
15,False,5,1
16,False,4,1
17,True,5,1
18,True,3,1
19,False,4,1
20,False,5,0
21,True,2,0
22,False,3,0
23,False,4,1
24,True,1,1
25,True,2,0
26,True,3,1
27,False,5,0
28,True,2,0
29,True,2,0
30,False,1,1
31,True,5,1
32,False,5,0
33,False,2,1
34,True,5,0
35,True,4,0
36,False,2,1
37,True,2,1
38,False,2,0
39,True,5,1
40,False,3,1
41,False,2,0
42,True,1,1
43,True,5,1
44,True,1,0
45,True,4,0
46,False,4,0
47,False,1,0
48,True,2,1
49,True,0,1
50,False,2,0
51,True,5,1
52,True,0,0
53,True,2,0
54,False,4,0
55,False,4,1
56,False,1,1
57,False,3,0
58,True,0,1
59,True,2,0
60,True,2,0
61,False,4,0
62,True,0,0
63,False,2,0
64,True,0,1
65,True,3,1
66,False,2,0
67,True,1,1
68,True,3,1
69,False,1,1
70,False,2,1
71,True,3,0
72,True,0,1
73,True,3,1
74,True,3,1
75,True,4,1
76,True,2,0
77,False,5,1
78,False,0,1
79,False,5,1
80,True,2,0
81,True,4,1
82,True,4,1
83,False,2,1
84,False,3,1
85,False,1,1
86,True,2,1
87,False,3,0
88,True,4,1
89,True,3,0
90,True,0,0
91,False,4,0
92,True,5,0
93,True,2,0
94,True,4,0
95,False,0,0
96,True,5,0
97,True,4,0
98,True,4,0
99,True,5,0
100,True,2,1
101,True,0,1
102,False,4,0
103,True,3,0
104,False,1,1
105,True,5,1
106,False,2,0
107,False,1,0
108,False,1,0
109,False,0,0
110,False,1,0
111,True,1,1
112,True,3,0
113,False,2,1
114,True,5,0
115,True,4,1
116,False,3,1
117,False,3,1
118,False,1,0
119,True,3,0
120,True,1,1
121,True,4,1
122,True,2,0
123,False,3,1
124,True,4,1
125,False,0,0
126,False,4,0
127,False,1,1
128,True,4,0
129,True,4,0
130,False,0,0
131,False,4,0
132,False,2,1
133,False,2,1
134,True,0,0
135,True,3,1
136,True,0,0
137,False,5,1
138,True,1,0
139,True,3,0
140,True,4,0
141,False,5,1
142,False,5,1
143,False,4,0
144,False,0,1
145,False,1,0
146,False,4,1
147,True,0,1
148,True,4,1
149,True,3,0
150,False,4,1
151,True,5,0
152,True,2,0
153,True,5,1
154,True,3,0
155,True,0,1
156,True,5,1
157,True,4,0
158,True,2,1
159,True,5,1
160,False,0,1
161,True,1,1
162,True,1,0
163,False,5,0
164,True,4,1
165,False,2,1
166,True,5,0
167,True,0,1
168,False,4,0
169,False,5,1
170,False,1,1
171,False,1,1
172,True,4,1
173,False,1,1
174,False,2,1
175,True,3,1
176,False,3,0
177,True,2,1
178,True,4,1
179,True,5,0
180,True,5,0
181,True,4,0
182,False,1,1
183,False,4,1
184,False,5,0
185,True,3,0
186,True,5,1
187,False,2,0
188,False,1,0
189,True,3,0
190,False,5,1
191,True,3,0
192,False,4,0
193,True,4,1
194,False,2,0
195,False,2,0
196,True,2,1
197,False,5,0
198,False,5,0
199,True,5,0
200,True,0,0
201,False,4,0
202,True,2,1
203,False,5,1
204,False,0,1
205,False,2,1
206,True,1,0
207,True,2,0
208,False,3,0
209,False,1,0
210,True,4,0
211,False,3,0
212,False,3,1
213,True,3,1
214,False,3,1
215,True,4,1
216,True,3,0
217,True,1,1
218,False,5,0
219,False,1,1
220,True,4,0
221,False,2,0
222,False,1,0
223,False,5,1
224,False,3,0
225,False,3,1
226,False,4,1
227,True,4,0
228,True,3,0
229,True,2,0
230,True,4,0
231,False,1,1
232,False,1,0
233,True,2,0
234,False,2,0
235,True,5,0
236,False,1,1
237,False,0,0
238,True,5,1
239,True,4,1
240,False,5,0
241,True,2,0
242,True,4,1
243,False,2,0
244,True,2,1
245,True,2,1
246,True,3,0
247,False,1,1
248,True,3,0
249,False,3,1
250,False,2,1
251,False,4,0
252,False,5,0
253,False,0,0
254,True,2,0
255,True,2,0
256,True,0,1
257,True,1,1
258,True,1,1
259,False,1,0
260,False,4,1
261,True,4,0
262,True,4,0
263,False,4,0
264,False,3,1
265,False,2,1
266,True,1,0
267,True,5,1
268,False,2,0
269,True,2,1
270,True,3,0
271,False,1,0
272,False,1,1
273,False,5,1
274,True,3,1
275,True,5,0
276,False,4,1
277,False,5,0
278,True,3,0
279,True,0,1
280,False,0,0
281,False,4,1
282,False,2,0
283,True,2,1
284,False,0,0
285,True,1,1
286,False,0,0
287,False,0,0
288,False,4,1
289,False,2,0
290,True,1,1
291,False,2,0
292,False,1,1
293,False,1,1
294,False,3,1
295,False,1,1
296,False,5,0
297,True,5,0
298,True,4,1
299,True,2,1
300,True,0,0
301,False,3,1
302,True,4,0
303,False,5,0
304,True,4,0
305,False,4,1
306,False,5,0
307,True,0,1
308,False,2,1
309,True,3,0
310,False,3,0
311,True,0,0
312,True,0,1
313,False,4,0
314,True,2,1
315,False,4,1
316,True,4,1
317,False,3,0
318,False,0,1
319,False,5,0
320,True,4,0
321,True,2,1
322,True,2,0
323,False,0,0
324,False,1,0
325,True,3,0
326,True,4,1
327,False,0,1
328,False,0,0
329,False,3,1
330,False,4,1
331,False,3,0
332,True,0,1
333,False,2,1
334,True,1,1
335,False,5,0
336,True,2,1
337,False,1,0
338,True,1,1
339,True,1,1
340,True,3,0
341,True,0,0
342,False,3,1
343,True,0,1
344,True,5,1
345,True,1,1
346,True,0,1
347,True,2,1
348,False,5,1
349,False,0,1
350,False,1,0
351,True,5,0
352,False,0,0
353,False,3,1
354,False,3,1
355,True,4,1
356,True,4,0
357,False,0,0
358,False,0,1
359,False,0,0
360,False,4,1
361,True,5,1
362,False,5,0
363,True,1,1
364,False,3,0
365,True,1,0
366,True,5,0
367,False,0,0
368,True,2,0
369,True,5,1
370,False,1,0
371,False,4,0
372,False,4,0
373,True,4,0
374,False,3,1
375,False,3,0
376,False,1,0
377,False,3,0
378,False,0,0
379,True,5,0
380,False,4,0
381,True,4,0
382,True,3,0
383,False,4,1
384,True,1,1
385,True,2,1
386,False,1,1
387,True,2,0
388,False,4,0
389,True,3,0
390,True,3,1
391,False,2,1
392,True,4,1
393,False,4,0
394,True,3,1
395,True,5,0
396,True,5,0
397,True,3,1
398,False,5,1
399,False,2,1
400,True,1,0
401,False,3,0
402,False,4,1
403,False,0,0
404,True,5,1
405,True,4,1
406,True,1,0
407,False,0,1
408,True,0,0
409,False,5,0
410,False,4,1
411,False,0,0
412,False,4,1
413,True,4,1
414,False,4,1
415,True,2,1
416,True,5,1
417,False,5,0
418,True,4,0
419,True,0,1
420,False,1,0
421,False,1,0
422,False,3,0
423,True,0,1
424,False,2,1
425,True,5,1
426,False,1,0
427,False,2,1
428,False,1,1
429,True,5,1
430,True,0,1
431,False,4,1
432,False,3,0
433,True,0,0
434,True,4,0
435,False,2,1
436,False,1,0
437,True,5,1
438,False,2,1
439,False,0,0
440,True,0,1
441,True,3,1
442,True,4,0
443,False,0,1
444,False,5,1
445,True,1,0
446,False,4,0
447,True,1,1
448,True,4,0
449,False,1,0
450,True,3,1
451,True,3,1
452,True,5,0
453,False,3,1
454,True,5,0
455,False,4,1
456,False,1,1
457,False,2,0
458,False,1,1
459,False,3,0
460,False,1,0
461,True,1,1
462,True,4,0
463,True,1,1
464,False,1,1
465,True,4,1
466,False,1,0
467,False,5,0
468,True,2,0
469,True,3,0
470,False,2,1
471,False,0,0
472,True,0,0
473,False,2,1
474,False,3,0
475,True,0,1
476,False,0,0
477,True,3,1
478,False,3,0
479,False,0,0
480,True,4,0
481,True,3,1
482,False,4,1
483,False,3,0
484,False,1,1
485,False,3,0
486,True,1,0
487,True,5,0
488,False,3,1
489,True,5,0
490,False,4,1
491,True,0,1
492,True,1,0
493,True,4,1
494,True,3,0
495,False,5,1
496,True,4,0
497,False,0,1
498,False,3,0
499,False,0,0
500,True,5,0
501,True,3,0
502,True,0,1
503,True,5,1
504,False,1,1
505,False,0,0
506,False,5,0
507,False,0,1
508,False,2,0
509,False,3,0
510,True,1,0
511,False,2,0
512,False,0,1
513,False,4,1
514,True,3,0
515,False,4,1
516,True,1,0
517,False,4,0
518,True,3,1
519,True,5,0
520,True,5,1
521,True,4,1
522,True,2,1
523,True,3,1
524,True,0,0
525,False,4,0
526,False,5,0
527,True,1,1
528,True,4,1
529,False,5,1
530,False,3,1
531,False,0,1
532,True,0,1
533,False,3,0
534,True,3,1
535,True,3,1
536,True,0,1
537,False,0,1
538,True,0,0
539,False,5,0
540,True,0,0
541,False,4,0
542,True,1,0
543,True,0,1
544,False,0,0
545,True,1,0
546,False,4,0
547,False,1,0
548,False,5,0
549,True,1,1
550,True,0,1
551,False,1,1
552,True,0,0
553,True,0,1
554,False,0,0
555,True,0,1
556,False,3,0
557,True,0,0
558,False,3,0
559,False,4,1
560,True,2,0
561,True,1,1
562,True,3,1
563,False,4,1
564,False,0,0
565,False,0,1
566,False,2,1
567,True,5,1
568,True,0,0
569,True,2,1
570,False,5,0
571,False,2,1
572,True,2,1
573,False,5,0
574,False,4,1
575,False,2,1
576,True,4,0
577,False,1,0
578,False,4,1
579,True,4,1
580,False,5,1
581,False,0,1
582,False,1,0
583,True,5,1
584,False,3,0
585,False,1,1
586,True,0,1
587,False,5,0
588,True,1,0
589,False,2,0
590,False,3,0
591,True,0,0
592,True,4,1
593,True,0,0
594,False,4,0
595,False,5,0
596,False,1,1
597,False,0,0
598,True,3,1
599,False,4,1
600,False,3,1
601,False,5,0
602,False,1,1
603,True,1,1
604,False,3,0
605,False,2,1
606,False,2,1
607,False,5,1
608,False,2,0
609,True,1,0
610,True,3,1
611,False,3,0
612,True,4,1
613,True,5,0
614,False,2,0
615,True,2,0
616,False,0,0
617,True,2,1
618,True,4,0
619,True,4,1
620,False,5,0
621,False,1,0
622,True,2,0
623,True,3,0
624,True,5,0
625,False,1,0
626,True,3,1
627,False,0,0
628,True,3,0
629,True,2,1
630,False,0,1
631,False,1,1
632,False,5,1
633,False,1,1
634,False,3,0
635,False,0,0
636,False,5,0
637,False,2,0
638,False,2,1
639,False,4,0
640,True,2,0
641,True,1,1
642,False,0,0
643,False,1,0
644,True,4,0
645,True,4,1
646,True,2,0
647,True,2,1
648,False,0,0
649,True,1,0
650,False,5,1
651,True,1,0
652,True,3,0
653,False,3,1
654,True,5,1
655,True,1,1
656,True,0,0
657,False,2,1
658,True,2,0
659,True,1,1
660,True,1,0
661,False,3,1
662,True,0,0
663,False,0,1
664,False,1,0
665,False,5,1
666,True,4,0
667,True,1,1
668,True,0,0
669,True,4,1
670,True,4,0
671,True,1,1
672,False,4,1
673,True,2,0
674,True,2,1
675,True,0,1
676,False,5,0
677,False,2,1
678,True,1,1
679,True,2,0
680,True,3,0
681,False,2,0
682,True,2,1
683,False,3,1
684,False,3,1
685,True,5,1
686,True,5,0
687,False,3,0
688,False,4,0
689,True,1,1
690,False,2,0
691,True,1,1
692,False,3,1
693,True,5,1
694,True,3,0
695,False,2,0
696,True,3,0
697,True,2,0
698,False,5,0
699,True,1,0
700,False,5,0
701,False,0,0
702,True,2,0
703,False,4,1
704,False,1,1
705,True,1,1
706,False,5,0
707,False,1,0
708,False,4,0
709,False,0,1
710,True,5,1
711,False,3,1
712,True,3,1
713,False,5,1
714,True,3,1
715,False,3,0
716,False,3,1
717,True,0,0
718,True,2,0
719,True,4,1
720,False,2,0
721,True,5,1
722,True,2,0
723,True,4,1
724,True,1,1
725,False,1,1
726,False,5,1
727,False,1,0
728,False,1,0
729,True,0,0
730,True,5,0
731,False,1,0
732,True,2,0
733,False,3,0
734,True,3,0
735,False,4,1
736,False,2,1
737,True,3,0
738,True,3,0
739,False,1,0
740,False,3,0
741,False,4,1
742,False,1,1
743,True,0,1
744,False,0,1
745,True,3,0
746,False,1,1
747,False,3,1
748,True,1,0
749,True,0,0
750,False,5,0
751,True,0,0
752,False,1,0
753,False,5,1
754,True,2,1
755,False,3,0
756,True,4,0
757,True,1,0
758,False,0,0
759,True,3,1
760,False,0,0
761,True,0,1
762,True,2,0
763,True,4,1
764,False,5,0
765,True,1,0
766,False,1,0
767,True,4,1
768,False,2,1
769,False,1,1
770,False,1,1
771,True,1,0
772,False,5,1
773,True,4,1
774,False,2,1
775,False,4,1
776,True,2,0
777,False,2,1
778,True,1,1
779,True,1,1
780,True,0,0
781,True,1,1
782,False,0,0
783,False,3,1
784,True,2,1
785,False,3,0
786,False,4,1
787,False,1,0
788,False,1,1
789,True,1,1
790,True,3,0
791,True,0,1
792,False,2,0
793,False,4,0
794,False,3,1
795,False,5,1
796,False,3,1
797,False,1,1
798,True,0,0
799,False,4,1
800,False,0,0
801,True,1,0
802,False,3,1
803,False,1,0
804,True,2,0
805,True,1,1
806,False,4,0
807,True,5,0
808,False,1,0
809,False,3,0
810,False,1,0
811,True,2,1
812,True,0,1
813,True,4,1
814,True,1,0
815,True,4,1
816,True,3,0
817,False,1,0
818,False,0,0
819,False,1,1
820,False,2,0
821,True,0,0
822,False,3,0
823,True,5,1
824,True,0,1
825,True,4,1
826,True,5,0
827,False,4,1
828,False,0,1
829,True,1,1
830,False,2,1
831,False,4,0
832,False,3,0
833,True,2,1
834,False,0,0
835,True,0,0
836,True,5,1
837,False,1,0
838,True,0,1
839,True,1,1
840,False,5,0
841,True,0,0
842,True,3,0
843,True,4,0
844,False,0,1
845,False,2,1
846,False,3,1
847,True,5,1
848,True,1,1
849,False,4,0
850,False,0,1
851,False,0,0
852,True,5,0
853,False,3,1
854,True,1,0
855,False,1,1
856,False,5,0
857,False,2,1
858,True,4,1
859,True,5,1
860,False,1,0
861,True,5,1
862,False,4,1
863,True,1,1
864,False,1,0
865,False,0,0
866,True,5,1
867,False,4,0
868,False,4,0
869,True,5,0
870,True,0,0
871,False,3,1
872,True,5,0
873,True,2,0
874,False,0,0
875,False,0,0
876,False,0,1
877,False,2,0
878,True,5,0
879,True,0,0
880,True,4,0
881,False,4,0
882,True,3,0
883,True,1,0
884,False,4,0
885,True,3,1
886,False,0,0
887,False,0,1
888,False,3,0
889,True,2,0
890,False,5,1
891,True,2,1
892,False,0,0
893,False,1,0
894,True,0,0
895,True,3,1
896,False,5,1
897,True,2,0
898,True,5,1
899,True,4,0
900,False,4,1
901,False,0,0
902,True,5,1
903,False,0,1
904,True,4,0
905,False,5,0
906,True,0,0
907,True,5,0
908,False,3,0
909,False,0,0
910,False,4,0
911,True,3,1
912,True,0,1
913,False,5,0
914,True,5,1
915,False,1,0
916,False,4,0
917,True,0,0
918,False,1,1
919,True,2,0
920,True,0,0
921,True,2,1
922,True,4,1
923,True,4,1
924,True,3,0
925,False,4,1
926,False,2,0
927,True,4,0
928,True,2,1
929,True,3,0
930,True,4,1
931,False,1,0
932,False,0,0
933,True,3,1
934,True,2,1
935,False,5,1
936,False,2,0
937,True,3,1
938,False,0,1
939,False,1,0
940,True,1,1
941,False,0,0
942,False,5,0
943,True,2,1
944,False,3,1
945,True,5,1
946,False,4,1
947,False,1,0
948,True,2,0
949,True,2,1
950,False,2,1
951,True,1,1
952,False,5,0
953,False,4,0
954,True,1,1
955,False,4,0
956,True,4,0
957,True,0,1
958,False,5,0
959,True,2,0
960,True,5,0
961,True,5,1
962,True,4,0
963,True,2,0
964,True,2,1
965,False,5,0
966,False,2,1
967,True,1,1
968,False,1,1
969,False,5,1
970,True,2,0
971,False,2,1
972,True,2,0
973,True,4,1
974,False,3,0
975,True,5,1
976,True,0,1
977,False,5,0
978,True,4,1
979,True,2,1
980,True,4,1
981,False,3,0
982,True,3,1
983,True,0,1
984,True,5,0
985,False,3,0
986,True,2,1
987,True,5,0
988,False,4,0
989,True,4,0
990,False,0,1
991,True,0,1
992,False,5,1
993,True,1,0
994,False,5,1
995,False,4,0
996,True,2,0
997,False,5,0
998,False,1,1
999,True,2,0
